[
  {
    "icon": "fa fa-home",
    "slug": "external",
    "title": "Volver al inicio",
    "path": "index.html"
  },   
  {
    "id": 0,
    "icon": "fa fa-file-text",
    "slug": "introduccion",
    "title": "Introducción",
    "breadcrumb": ["Inicio","Introducción"],
    "path": "pages/introduccion.html"
  },
  {
    "id": 1,
    "icon": "fa fa-file-text",
    "slug": "salud_mental",
    "title": "1. ¿Qué es salud y salud mental?",    
    "path": "pages/tema-1.html",    
    "submenu": [
      {
        "icon": "fa fa-file-text",
        "slug": "salud_mental",
        "title": "1.1 La salud mental",
        "anchor": "tema1_1"
      },
      {
        "icon": "fa fa-file-text",
        "slug": "salud_mental",
        "title": "1.2 Características de la salud mental",
        "anchor": "tema1_2"
      },   
      {
        "icon": "fa fa-file-text",
        "slug": "salud_mental",
        "title": "1.3 ¿Por qué es importante la salud mental?",
        "anchor": "tema1_3"
      },
      {
        "icon": "fa fa-file-text",
        "slug": "salud_mental",
        "title": "1.4 Indicadores y cifras",
        "anchor": "tema1_4"
      },   
      {
        "icon": "fa fa-file-text",
        "slug": "salud_mental",
        "title": "1.5 ¿En Colombia cómo vamos?",
        "anchor": "tema1_5"
      }
    ]  
  },
  {
    "id": 2,
    "icon": "fa fa-file-text",
    "slug": "marco_legal",
    "title": "2. Marco legal",    
    "path": "pages/tema-2.html",
    "submenu": [
      {
        "icon": "fa fa-file-text",
        "slug": "marco_legal",
        "title": "2.1 Ley 1616 del 21 de enero de 2013",
        "anchor": "tema2_1"
      }, 
      {
        "icon": "fa fa-file-text",
        "slug": "marco_legal",
        "title": "2.2 Derechos de las personas",
        "anchor": "tema2_2"
      }  
    ]   
  } 
]